SpeciesName,NumberRef
Accipiter cirrocephalus,7
Accipiter collaris,6
Accipiter erythropus,7
Accipiter francesiae,9
Accipiter gundlachi,7
Accipiter minullus,7
Accipiter rufitorques,7
Accipiter rufiventris,7
Accipiter striatus,8
Accipiter tachiro,6
Accipiter toussenelii,8
Accipiter trivirgatus,8
Aviceda jerdoni,10
Busarellus nigricollis,7
Buteo nitidus,7
Buteo solitarius,6
Buteogallus anthracinus,9
Buteogallus meridionalis,7
Circaetus cinereus,10
Circus cinereus,7
Circus maillardi,9
Circus maurus,6
Clanga hastata,8
Erythrotriorchis radiatus,6
Eutriorchis astur,8
Gampsonyx swainsonii,10
Geranoaetus albicaudatus,9
Geranoaetus polyosoma,9
Geranospiza caerulescens,6
Haliaeetus sanfordi,8
Haliaeetus vociferoides,8
Haliastur sphenurus,7
Harpagus bidentatus,10
Harpagus diodon,7
Helicolestes hamatus,6
Henicopernis infuscatus,7
Hieraaetus weiskei,8
Icthyophaga humilis,8
Ictinia plumbea,10
Leptodon forbesi,6
Lophaetus occipitalis,10
Lophoictinia isura,8
Melierax metabates,8
Melierax poliopterus,7
Micronisus gabar,6
Milvus aegyptius,7
Morphnarchus princeps,10
Nisaetus bartelsi,6
Nisaetus nanus,8
Nisaetus philippensis,6
Nisaetus pinskeri,9
Parabuteo leucorrhous,9
Pernis steerei,9
Pseudastur occidentalis,7
Sarcogyps calvus,10
Urotriorchis macrourus,6
Anthracoceros malayanus,7
Anthracoceros marchei,7
Anthracoceros montani,7
Buceros hydrocorax,9
Penelopides mindorensis,6
Penelopides panini,9
Rhabdotorrhinus waldeni,8
Phoeniculus bollei,6
Phoeniculus purpureus,7
Rhinopomastus minor,10
Colius castanotus,7
Colius striatus,6
Actenoides bougainvillei,6
Actenoides excelsus,9
Alcedo coerulescens,7
Alcedo euryzona,6
Alcedo meninting,10
Alcedo quadribrachys,6
Alcedo semitorquata,7
Ceyx azureus,6
Ceyx gentianus,6
Ceyx lepidus,6
Ceyx pusillus,10
Chloroceryle amazona,9
Corythornis vintsioides,6
Halcyon albiventris,9
Halcyon leucocephala,8
Halcyon senegalensis,6
Halcyon senegaloides,6
Ispidina lecontei,7
Ispidina picta,10
Lacedo pulchella,9
Megaceryle lugubris,8
Melidora macrorrhina,6
Tanysiptera danae,10
Tanysiptera galatea,9
Tanysiptera nigriceps,6
Todiramphus chloris,10
Todiramphus cinnamominus,10
Todiramphus veneratus,9
Todiramphus winchelli,8
Brachypteracias leptosomus,9
Geobiastes squamiger,10
Coracias affinis,10
Coracias cyanogaster,10
Coracias naevius,7
Coracias spatulatus,6
Coracias temminckii,8
Eurystomus glaucurus,10
Eurystomus gularis,9
Eurystomus orientalis,9
Merops lafresnayii,6
Merops leschenaulti,8
Merops nubicus,9
Merops pusillus,6
Merops variegatus,9
Electron platyrhynchum,7
Eumomota superciliosa,7
Todus multicolor,6
Falco berigora,6
Falco cenchroides,9
Falco concolor,9
Falco fasciinucha,6
Falco naumanni,10
Falco peregrinus,6
Micrastur buckleyi,8
Micrastur gilvicollis,9
Micrastur mintoni,6
Micrastur mirandollei,6
Micrastur plumbeus,10
Microhierax caerulescens,6
Microhierax erythrogenys,10
Microhierax fringillarius,7
Phalcoboenus albogularis,9
Phalcoboenus carunculatus,9
Spiziapteryx circumcincta,7
Acanthiza chrysorrhoa,8
Acanthiza ewingii,10
Acanthiza iredalei,10
Acanthiza lineata,10
Acanthiza nana,10
Acanthiza reguloides,10
Acanthornis magna,8
Aphelocephala nigricincta,7
Calamanthus cautus,9
Calamanthus fuliginosus,8
Gerygone albofrontata,8
Gerygone igata,9
Gerygone palpebrosa,10
Origma solitaria,10
Sericornis frontalis,9
Sericornis magnirostra,8
Acrocephalus brevipennis,10
Arundinax aedon,6
Hippolais icterina,9
Iduna natalensis,7
Aegithalos glaucogularis,8
Leptopoecile sophiae,8
Aegithina nigrolutea,10
Aegithina viridissima,7
Alauda gulgula,7
Alaudala raytal,10
Alaudala rufescens,8
Ammomanes deserti,6
Calandrella cinerea,9
Calandrella dukhunensis,7
Calendulauda alopex,6
Calendulauda sabota,6
Certhilauda curvirostris,9
Certhilauda subcoronata,7
Chersophilus duponti,7
Eremalauda dunni,6
Galerida theklae,7
Melanocorypha calandra,10
Melanocorypha mongolica,8
Mirafra affinis,6
Mirafra hypermetra,7
Mirafra somalica,6
Spizocorys fremantlii,6
Artamus cyanopterus,10
Artamus mentalis,7
Artamus personatus,6
Cracticus torquatus,9
Melloria quoyi,6
Bernieria madagascariensis,9
Oxylabes madagascariensis,10
Buphagus africanus,10
Buphagus erythrorynchus,6
Calcarius lapponicus,9
Calyptomena hosii,9
Smithornis capensis,9
Calyptophilus tertius,6
Ceblepyris graueri,10
Coracina caledonica,6
Coracina novaehollandiae,10
Edolisoma tenuirostre,6
Lalage newtoni,6
Lalage nigra,7
Lalage sharpei,6
Pericrocotus erythropygius,8
Pericrocotus igneus,8
Pericrocotus solaris,9
Amaurospiza relicta,10
Cardinalis sinuatus,10
Caryothraustes canadensis,7
Caryothraustes erythromelas,6
Cyanoloxia cyanoides,10
Cyanoloxia rothschildii,6
Habia carmioli,10
Habia frenata,10
Habia rubica,9
Pheucticus aureoventris,6
Pheucticus melanocephalus,6
Piranga erythrocephala,10
Piranga hepatica,10
Piranga leucoptera,6
Piranga roseogularis,10
Piranga rubriceps,6
Certhia brachydactyla,9
Certhia hodgsoni,8
Chaetops aurantius,7
Chaetops frenatus,9
Chloropsis cochinchinensis,7
Cinclus leucocephalus,7
Cinclus mexicanus,9
Cinclus pallasii,10
Cinclus schulzii,7
Cinclosoma castaneothorax,6
Cinclosoma cinnamomeum,10
Cinclosoma marginatum,8
Artisornis metopias,7
Camaroptera chloronota,6
Cisticola fulvicapilla,6
Cisticola melanurus,8
Oreophilais robertsi,10
Orthotomus chaktomuk,7
Prinia erythroptera,8
Prinia flavicans,10
Prinia hodgsonii,9
Prinia maculosa,9
Prinia rufifrons,8
Prinia subflava,6
Scepomycter winifredae,7
Cnemophilus macgregorii,8
Conopophaga aurita,9
Conopophaga cearae,9
Conopophaga melanogaster,6
Pittasoma michleri,7
Cissa chinensis,9
Cissa thalassina,7
Corvus albus,8
Corvus crassirostris,8
Corvus jamaicensis,9
Corvus palmarum,6
Cyanocorax cayanus,9
Cyanocorax colliei,7
Cyanocorax cristatellus,7
Cyanocorax formosus,7
Cyanocorax heilprini,9
Cyanocorax sanblasianus,6
Dendrocitta formosae,10
Dendrocitta leucogastra,8
Pica asirensis,9
Ptilostomus afer,10
Urocissa erythroryncha,9
Cephalopterus ornatus,6
Cotinga cayana,8
Cotinga maynana,6
Gymnoderus foetidus,8
Haematoderus militaris,6
Lipaugus vociferans,7
Phibalura boliviana,7
Phoenicircus carnifex,6
Procnias albus,6
Procnias averano,6
Procnias nudicollis,7
Dicaeum aeneum,6
Dicaeum dayakorum,10
Dicaeum pectorale,6
Dicaeum quadricolor,6
Dicrurus aeneus,10
Dicrurus annectens,9
Dicrurus balicassius,6
Dicrurus forficatus,9
Dicrurus leucophaeus,9
Dulus dominicus,8
Emberiza calandra,9
Emberiza capensis,7
Emberiza jankowskii,6
Emberiza pusilla,6
Emberiza sahari,7
Emberiza schoeniclus,9
Amadina erythrocephala,9
Amadina fasciata,9
Erythrura psittacea,6
Erythrura trichroa,7
Erythrura viridifacies,7
Estrilda erythronotos,6
Estrilda paludicola,7
Granatina granatina,10
Lonchura fuscans,9
Lonchura maja,9
Lonchura molucca,7
Neochmia modesta,7
Paludipasser locustella,8
Pytilia melba,8
Spermestes bicolor,7
Spermestes cucullata,10
Taeniopygia bichenovii,8
Uraeginthus angolensis,9
Eulacestoma nigropectus,9
Serilophus lunatus,6
Falcunculus frontatus,10
Formicarius analis,9
Bucanetes githagineus,9
Bucanetes mongolicus,8
Carduelis citrinella,8
Carpodacus dubius,7
Carpodacus erythrinus,9
Carpodacus sillemi,7
Carpodacus sipahi,6
Carpodacus subhimachalus,6
Chloris ambigua,10
Chloris monguilloti,9
Chloris spinoides,8
Chlorodrepanis stejnegeri,7
Chlorodrepanis virens,6
Chrysocorythus estherae,8
Chrysocorythus mindanensis,9
Crithagra flaviventris,8
Crithagra gularis,9
Crithagra reichardi,6
Crithagra scotops,7
Crithagra sulphurata,8
Euphonia affinis,6
Euphonia chlorotica,7
Fringilla polatzeki,6
Hemignathus hanapepe,6
Hesperiphona abeillei,7
Linurgus olivaceus,7
Loxia leucoptera,7
Loxia pytyopsittacus,8
Loxioides bailleui,7
Magumma parva,7
Pyrrhula leucogenis,6
Spinus atratus,6
Spinus lawrencei,8
Spinus pinus,10
Spinus thibetanus,6
Spinus yarrellii,7
Anabacerthia amaurotis,7
Anabacerthia ruficaudata,10
Anabacerthia striaticollis,8
Anabazenops dorsalis,9
Asthenes arequipae,9
Asthenes ayacuchensis,7
Asthenes baeri,7
Asthenes berlepschi,8
Asthenes dorbignyi,8
Asthenes fuliginosa,6
Asthenes griseomurina,6
Asthenes huancavelicae,8
Asthenes hudsoni,9
Asthenes luizae,6
Asthenes modesta,6
Asthenes perijana,6
Asthenes pyrrholeuca,7
Asthenes usheri,8
Asthenes vilcabambae,7
Asthenes virgata,7
Automolus lammi,7
Automolus leucophthalmus,9
Automolus melanopezus,9
Automolus paraensis,8
Automolus rufipileatus,9
Berlepschia rikeri,8
Campylorhamphus multostriatus,6
Campylorhamphus probatus,7
Campylorhamphus procurvoides,10
Campylorhamphus pusillus,8
Campylorhamphus trochilirostris,7
Certhiasomus stictolaemus,7
Certhiaxis cinnamomeus,10
Certhiaxis mustelinus,6
Cichlocolaptes leucophrus,9
Cinclodes albiventris,8
Cinclodes antarcticus,8
Cinclodes aricomae,6
Cinclodes comechingonus,8
Cinclodes excelsior,8
Cinclodes fuscus,8
Cinclodes nigrofumosus,7
Cinclodes olrogi,10
Cinclodes pabsti,7
Cinclodes patagonicus,9
Cinclodes taczanowskii,7
Clibanornis dendrocolaptoides,6
Clibanornis erythrocephalus,6
Clibanornis rectirostris,8
Clibanornis rufipectus,8
Coryphistera alaudina,9
Cranioleuca antisiensis,9
Cranioleuca baroni,9
Cranioleuca berlepschi,9
Cranioleuca curtata,6
Cranioleuca demissa,6
Cranioleuca dissita,9
Cranioleuca erythrops,7
Cranioleuca marcapatae,9
Cranioleuca muelleri,7
Cranioleuca obsoleta,7
Cranioleuca pyrrhophia,9
Cranioleuca semicinerea,6
Cranioleuca sulphurifera,9
Cranioleuca vulpecula,10
Cranioleuca weskei,7
Deconychura longicauda,8
Deconychura pallida,10
Deconychura typica,10
Dendrexetastes rufigula,9
Dendrocincla homochroa,6
Dendrocincla merula,7
Dendrocincla turdina,8
Dendrocincla tyrannina,6
Dendrocolaptes hoffmannsi,7
Dendrocolaptes platyrostris,8
Dendroplex kienerii,7
Drymornis bridgesii,7
Drymotoxeres pucheranii,7
Furnarius cinnamomeus,9
Furnarius leucopus,8
Furnarius longirostris,8
Furnarius torridus,10
Geocerthia serrana,8
Geositta rufipennis,6
Heliobletus contaminatus,9
Hellmayrea gularis,8
Hylexetastes perrotii,9
Hylexetastes stresemanni,7
Lepidocolaptes albolineatus,8
Lepidocolaptes duidae,8
Lepidocolaptes falcinellus,6
Lepidocolaptes fatimalimae,7
Lepidocolaptes fuscicapillus,8
Lepidocolaptes lacrymiger,7
Lepidocolaptes souleyetii,10
Lepidocolaptes squamatus,6
Leptasthenura aegithaloides,9
Leptasthenura platensis,6
Leptasthenura setaria,6
Limnoctites rectirostris,7
Limnornis curvirostris,6
Margarornis rubiginosus,6
Margarornis squamiger,6
Margarornis stellatus,6
Megaxenops parnaguae,6
Metopothrix aurantiaca,9
Microxenops milleri,8
Nasica longirostris,8
Ochetorhynchus andaecola,7
Ochetorhynchus phoenicurus,6
Phacellodomus erythrophthalmus,7
Phacellodomus inornatus,10
Phacellodomus ruber,7
Phacellodomus rufifrons,8
Phacellodomus sibilatrix,8
Phacellodomus striaticollis,8
Philydor erythrocercum,7
Philydor erythropterum,10
Philydor fuscipenne,6
Philydor pyrrhodes,7
Philydor rufum,10
Phleocryptes melanops,6
Premnoplex tatei,10
Premnornis guttuliger,9
Pseudasthenes cactorum,6
Pseudasthenes humicola,8
Pseudasthenes steinbachi,7
Pseudocolaptes boissonneauii,10
Pseudocolaptes johnsoni,9
Pseudocolaptes lawrencii,8
Pseudoseisura cristata,8
Pseudoseisura gutturalis,6
Pseudoseisura lophotes,6
Pseudoseisura unirufa,8
Roraimia adusta,8
Schoeniophylax phryganophilus,9
Sclerurus albigularis,10
Sclerurus caudacutus,9
Sclerurus guatemalensis,8
Sclerurus mexicanus,8
Sclerurus rufigularis,9
Sclerurus scansor,6
Siptornis striaticollis,9
Spartonoica maluroides,10
Synallaxis albigularis,7
Synallaxis albilora,7
Synallaxis azarae,8
Synallaxis brachyura,6
Synallaxis cabanisi,10
Synallaxis candei,8
Synallaxis castanea,6
Synallaxis cherriei,10
Synallaxis chinchipensis,10
Synallaxis cinerascens,6
Synallaxis cinerea,9
Synallaxis erythrothorax,9
Synallaxis frontalis,7
Synallaxis hypospodia,7
Synallaxis infuscata,7
Synallaxis kollari,8
Synallaxis moesta,9
Synallaxis ruficapilla,10
Synallaxis rutilans,10
Synallaxis scutata,9
Synallaxis simoni,8
Synallaxis spixi,8
Synallaxis stictothorax,10
Synallaxis unirufa,7
Syndactyla roraimae,6
Syndactyla ruficollis,6
Syndactyla rufosuperciliata,8
Syndactyla striata,8
Syndactyla subalaris,10
Syndactyla ucayalae,6
Tarphonomus certhioides,6
Tarphonomus harterti,6
Thripadectes flammulatus,7
Thripadectes ignobilis,7
Thripadectes melanorhynchus,7
Thripadectes rufobrunneus,8
Thripadectes scrutator,8
Thripophaga cherriei,6
Xenerpestes minlosi,6
Xenops minutus,7
Xenops tenuirostris,6
Xiphorhynchus atlanticus,6
Xiphorhynchus chunchotambo,8
Xiphorhynchus elegans,7
Xiphorhynchus guttatoides,7
Xiphorhynchus obsoletus,7
Xiphorhynchus pardalotus,6
Xiphorhynchus spixii,7
Xiphorhynchus susurrans,9
Xiphorhynchus triangularis,6
Grallaria gigantea,6
Grallaria kaestneri,10
Grallaria rufula,6
Grallaria saltuensis,6
Grallaria varia,7
Myrmothera campanisona,7
Cecropis cucullata,6
Cecropis senegalensis,10
Delichon lagopodum,6
Hirundo leucosoma,8
Hirundo smithii,6
Hirundo tahitica,6
Neophedina cincta,8
Petrochelidon fulva,10
Petrochelidon nigricans,7
Progne chalybea,10
Progne dominicensis,9
Pygochelidon cyanoleuca,10
Pygochelidon melanoleuca,6
Riparia paludicola,7
Tachycineta cyaneoviridis,6
Tachycineta meyeni,6
Hylocitrea bonensis,6
Agelaius xanthomus,9
Amblycercus holosericeus,6
Cacicus haemorrhous,7
Euphagus carolinus,7
Icterus bonana,6
Icterus chrysater,9
Icterus chrysocephalus,8
Icterus croconotus,7
Icterus gularis,6
Icterus icterus,6
Icterus melanopsis,10
Icterus portoricensis,9
Leistes militaris,9
Molothrus oryzivorus,8
Psarocolius montezuma,8
Quiscalus major,9
Xanthopsar flavus,10
Lanius gubernator,7
Lanius souzae,10
Lanius tephronotus,10
Lanius tigrinus,9
Actinodura sodangorum,8
Argya subrufa,7
Garrulax canorus,9
Garrulax courtoisi,6
Garrulax davidi,6
Garrulax perspicillatus,8
Garrulax ruficollis,8
Garrulax rufogularis,7
Garrulax waddelli,6
Garrulax woodi,6
Montecincla jerdoni,6
Trochalopteron milnei,8
Turdoides rufescens,6
Locustella fluviatilis,6
Locustella luscinioides,8
Malia grata,6
Robsonius sorsogonensis,7
Robsonius thompsoni,9
Machaerirhynchus flaviventer,10
Sphenoeacus afer,10
Laniarius aethiopicus,6
Laniarius barbarus,7
Laniarius bicolor,7
Laniarius ferrugineus,7
Laniarius funebris,7
Laniarius nigerrimus,8
Tchagra senegalus,7
Amytornis housei,7
Amytornis purnelli,8
Amytornis textilis,6
Clytomyias insignis,6
Malurus alboscapulatus,8
Malurus amabilis,9
Malurus pulcherrimus,8
Sipodotus wallacii,8
Melanopareia maximiliani,7
Melanopareia torquata,6
Anthochaera chrysoptera,8
Anthochaera lunulata,8
Bolemoreus frenatus,10
Bolemoreus hindwoodi,8
Cissomela pectoralis,10
Epthianura aurifrons,9
Foulehaio carunculatus,6
Gavicalis virescens,8
Gliciphila melanops,7
Melidectes princeps,6
Melithreptus albogularis,10
Melithreptus brevirostris,6
Melithreptus gularis,10
Melithreptus laetior,10
Melithreptus lunatus,9
Melithreptus validirostris,10
Myza celebensis,7
Myzomela cardinalis,7
Nesoptilotis flavicollis,8
Philemon citreogularis,9
Philemon corniculatus,10
Philemon moluccensis,7
Phylidonyris novaehollandiae,8
Ptilotula fusca,7
Ptilotula ornata,8
Purnella albifrons,10
Trichodere cockerelli,7
Vosea whitemanensis,7
Margarops fuscatus,7
Melanotis caerulescens,10
Mimus gilvus,8
Mimus macdonaldi,8
Mimus melanotis,6
Mimus trifasciatus,7
Toxostoma crissale,10
Toxostoma guttatum,9
Toxostoma redivivum,8
Mitrospingus cassinii,7
Mitrospingus oleagineus,7
Orthogonys chloricterus,9
Arses kaupi,9
Carterornis chrysomela,8
Chasiempis sandwichensis,8
Hypothymis coelestis,8
Hypothymis helenae,6
Myiagra azureocapilla,9
Myiagra cyanoleuca,9
Myiagra nana,6
Pomarea nigra,8
Anthus antarcticus,6
Anthus hellmayri,6
Anthus novaeseelandiae,7
Anthus rufulus,10
Anthus spragueii,6
Anthus trivialis,6
Anthus vaalensis,6
Macronyx ameliae,8
Macronyx capensis,9
Agricola infuscatus,7
Brachypteryx montana,7
Calliope calliope,7
Calliope obscura,8
Calliope pectardens,6
Cercotrichas galactotes,6
Cercotrichas leucophrys,7
Copsychus mindanensis,8
Cossypha heinrichi,7
Cossypha heuglini,8
Cyanoptila cyanomelana,6
Cyornis pallidipes,8
Dessonornis humeralis,7
Emarginata schlegelii,8
Emarginata sinuata,9
Emarginata tractrac,8
Enicurus velatus,6
Ficedula albicollis,9
Fraseria caerulescens,10
Heteroxenicus stellatus,8
Kittacincla malabarica,9
Larvivora komadori,6
Larvivora sibilans,8
Luscinia luscinia,10
Melaenornis chocolatinus,7
Melaenornis herero,8
Melaenornis pammelaina,8
Melaenornis silens,6
Monticola gularis,6
Muscicapa dauurica,7
Muscicapa muttui,9
Muscicapa sibirica,6
Myophonus insularis,8
Myrmecocichla monticola,6
Niltava sundara,6
Oenanthe chrysopygia,6
Oenanthe cypriaca,8
Oenanthe deserti,9
Oenanthe hispanica,9
Oenanthe isabellina,7
Oenanthe leucura,6
Oenanthe pleschanka,7
Oenanthe seebohmi,7
Phoenicurus bicolor,7
Phoenicurus moussieri,10
Pinarornis plumosus,7
Pogonocichla stellata,8
Saxicola tectes,7
Stiphrornis erythrothorax,6
Tarsiger chrysaeus,6
Tarsiger indicus,7
Tarsiger rufilatus,8
Thamnolaea cinnamomeiventris,6
Vauriella albigularis,6
Vauriella goodfellowi,6
Vauriella insignis,6
Arachnothera juliae,10
Chalcomitra senegalensis,8
Chalcoparia singalensis,8
Cinnyris batesi,7
Cinnyris idenburgi,6
Cinnyris neergaardi,7
Cinnyris osea,7
Cinnyris sovimanga,10
Drepanorhynchus reichenowi,8
Leptocoma brasiliana,9
Leptocoma calcostetha,8
Leptocoma sperata,8
Nectarinia kilimensis,7
Daphoenositta chrysoptera,6
Nesospingus speculiferus,10
Oriolus isabellae,8
Oriolus monacha,7
Sphecotheres vieilloti,7
Sphecotheres viridis,6
Pachycephala caledonica,6
Pachycephala olivacea,6
Pachycephala rufiventris,6
Astrapia nigra,6
Astrapia rothschildi,6
Cicinnurus respublica,10
Epimachus meyeri,6
Lophorina magnifica,7
Lophorina superba,10
Lycocorax pyrrhopterus,9
Manucodia comrii,6
Paradisaea raggiana,6
Paradisornis rudolphi,8
Pteridophora alberti,9
Seleucidis melanoleucus,7
Semioptera wallacii,6
Pardalotus striatus,10
Cyanistes teneriffae,8
Melaniparus afer,7
Melaniparus funereus,7
Melaniparus pallidiventris,8
Melaniparus thruppi,9
Poecile carolinensis,7
Poecile rufescens,10
Sittiparus owstoni,6
Sittiparus semilarvatus,7
Geothlypis philadelphia,7
Geothlypis trichas,10
Leiothlypis celata,9
Leiothlypis ruficapilla,9
Limnothlypis swainsonii,7
Myioborus torquatus,7
Setophaga americana,9
Setophaga castanea,10
Setophaga dominica,10
Setophaga palmarum,8
Setophaga pensylvanica,10
Setophaga pitiayumi,7
Setophaga tigrina,7
Setophaga virens,7
Ammospiza maritima,6
Arremon atricapillus,6
Arremon taciturnus,9
Artemisiospiza belli,10
Calamospiza melanocorys,10
Chlorospingus flavopectus,8
Junco bairdi,10
Rhynchospiza strigiceps,6
Spizella passerina,8
Spizella pusilla,7
Montifringilla nivalis,8
Passer insularis,7
Passer luteus,10
Passer moabiticus,6
Passer motitensis,9
Petronia petronia,10
Laticilla burnesii,6
Leonardina woodi,6
Malacocincla perspicillata,7
Pellorneum ruficeps,9
Cryptomicroeca flaviventris,8
Devioeca papuana,7
Drymodes brunneopygia,8
Gennaeodryas placens,9
Heteromyias cinereifrons,8
Peneothello bimaculata,6
Peneothello cyanus,6
Peneothello sigillata,6
Petroica boodang,8
Petroica longipes,9
Petroica rosea,8
Plesiodryas albonotata,7
Poecilodryas superciliosa,8
Tregellasia capito,9
Phaenicophilus palmarum,9
Phaenicophilus poliocephalus,6
Phylloscopus affinis,8
Phylloscopus bonelli,9
Phylloscopus calciatilis,9
Phylloscopus canariensis,7
Phylloscopus castaniceps,6
Phylloscopus coronatus,7
Phylloscopus emeiensis,10
Phylloscopus humei,8
Phylloscopus ibericus,8
Phylloscopus intensior,7
Phylloscopus intermedius,9
Phylloscopus orientalis,7
Phylloscopus sibilatrix,8
Phylloscopus soror,7
Phylloscopus trochiloides,8
Corapipo gutturalis,7
Lepidothrix serena,7
Machaeropterus deliciosus,6
Machaeropterus striolatus,6
Neopelma chrysocephalum,6
Erythropitta kochi,6
Erythropitta venusta,9
Hydrornis oatesi,7
Pitta elegans,6
Pitta megarhyncha,9
Pitta novaeguineae,6
Pitta rosenbergii,6
Pitta sordida,7
Pityriasis gymnocephala,9
Batis capensis,10
Batis margaritae,6
Batis minima,6
Batis mixta,8
Batis senegalensis,8
Amblyospiza albifrons,6
Bubalornis niger,9
Dinemellia dinemelli,8
Euplectes albonotatus,7
Euplectes aureus,6
Euplectes capensis,9
Euplectes gierowii,10
Euplectes orix,6
Foudia madagascariensis,9
Foudia rubra,10
Plocepasser mahali,8
Ploceus baglafecht,8
Ploceus benghalensis,8
Ploceus brachypterus,7
Ploceus capensis,10
Ploceus megarhynchus,7
Ploceus nelicourvi,9
Ploceus nigricollis,6
Ploceus sakalava,7
Pseudonigrita cabanisi,9
Quelea cardinalis,8
Pnoepyga immaculata,9
Microbates cinereiventris,7
Polioptila caerulea,8
Polioptila guianensis,6
Ramphocaenus melanurus,8
Pomatostomus halli,7
Promerops gurneyi,10
Prunella collaris,10
Prunella rubeculoides,7
Psophodes cristatus,9
Psophodes nigrogularis,9
Phainopepla nitens,6
Prionodura newtoniana,10
Ptilonorhynchus violaceus,10
Scenopoeetes dentirostris,6
Sericulus aureus,6
Arizelocichla chlorigula,7
Arizelocichla milanjensis,6
Arizelocichla neumanni,6
Atimastillas flavicollis,6
Eurillas ansorgei,6
Eurillas virens,7
Hypsipetes amaurotis,8
Hypsipetes ganeesa,7
Hypsipetes olivaceus,6
Hypsipetes philippinus,8
Hypsipetes platenae,8
Hypsipetes siquijorensis,7
Ixos virescens,6
Phyllastrephus albigula,6
Phyllastrephus icterinus,7
Pycnonotus capensis,7
Pycnonotus leucotis,6
Pycnonotus luteolus,10
Pycnonotus sinensis,8
Rubigula melanictera,10
Stelgidillas gracilirostris,7
Thescelocichla leucopleura,6
Anthoscopus caroli,7
Anthoscopus minutus,9
Anthoscopus musculus,6
Anthoscopus parvulus,7
Anthoscopus sylviella,7
Eleoscytalopus psychopompus,6
Merulaxis ater,6
Merulaxis stresemanni,6
Pteroptochos castaneus,9
Scelorchilus rubecula,10
Scytalopus altirostris,6
Scytalopus alvarezlopezi,8
Scytalopus diamantinensis,6
Scytalopus frankeae,6
Scytalopus krabbei,6
Scytalopus magellanicus,7
Scytalopus opacus,7
Scytalopus parvirostris,6
Scytalopus petrophilus,9
Scytalopus robbinsi,8
Scytalopus simonsi,10
Scytalopus speluncae,10
Scytalopus urubambae,8
Scytalopus whitneyi,6
Rhipidura dryas,7
Rhipidura layardi,7
Cettia castaneocoronata,6
Hemitesia neumanni,8
Hemitesia pallidipes,10
Horornis canturians,6
Horornis diphone,6
Horornis flavolivaceus,8
Pholidornis rushiae,6
Sitta castanea,6
Sitta insularis,9
Sitta przewalskii,6
Aplonis tabuensis,8
Enodes erythrophris,6
Goodfellowia miranda,7
Gracula indica,8
Gracupica nigricollis,10
Lamprotornis bicolor,7
Onychognathus morio,10
Onychognathus tristramii,10
Poeoptera kenricki,9
Sarcops calvus,10
Spodiopsar sericeus,8
Sturnia malabarica,6
Sturnia sinensis,10
Sturnornis albofrontatus,8
Sturnus unicolor,8
Chamaea fasciata,9
Cholornis unicolor,6
Sinosuthora alphonsiana,8
Sylvia abyssinica,9
Sylvia atriceps,6
Sylvia cantillans,9
Sylvia crassirostris,6
Sylvia deserti,6
Sylvia dohrni,6
Sylvia nana,8
Sylvia nisoria,9
Sylvia ruppeli,6
Sylvia sarda,6
Akletos goeldii,10
Ammonastes pelzelni,9
Ampelornis griseiceps,7
Aprositornis disjuncta,8
Batara cinerea,7
Cercomacra carbonaria,6
Cercomacra ferdinandi,6
Cercomacra manu,7
Cercomacra melanaria,10
Cercomacra nigricans,10
Cercomacroides fuscicauda,10
Cercomacroides laeta,7
Cercomacroides parkeri,7
Cercomacroides serva,9
Cymbilaimus sanctaemariae,7
Drymophila caudata,10
Drymophila devillei,8
Drymophila ferruginea,9
Drymophila hellmayri,8
Drymophila klagesi,8
Drymophila malura,9
Drymophila rubricollis,7
Dysithamnus occidentalis,10
Dysithamnus plumbeus,8
Dysithamnus puncticeps,8
Dysithamnus striaticeps,7
Dysithamnus xanthopterus,6
Epinecrophylla gutturalis,8
Epinecrophylla leucophthalma,9
Epinecrophylla spodionota,10
Euchrepomis humeralis,7
Euchrepomis sharpei,7
Euchrepomis spodioptila,9
Formicivora iheringi,7
Formicivora melanogaster,7
Frederickena viridis,6
Hafferia fortis,10
Hafferia immaculata,9
Hafferia zeledoni,7
Herpsilochmus atricapillus,7
Herpsilochmus axillaris,6
Herpsilochmus dorsimaculatus,7
Herpsilochmus dugandi,9
Herpsilochmus longirostris,6
Herpsilochmus motacilloides,8
Herpsilochmus parkeri,9
Herpsilochmus pectoralis,6
Herpsilochmus pileatus,9
Herpsilochmus praedictus,7
Herpsilochmus stotzi,9
Hypocnemis flavescens,10
Hypocnemis ochrogyna,10
Hypocnemis striata,9
Hypocnemis subflava,9
Hypoedaleus guttatus,9
Isleria guttata,8
Mackenziaena leachii,7
Mackenziaena severa,7
Megastictus margaritatus,9
Myrmelastes brunneiceps,10
Myrmelastes caurensis,9
Myrmelastes rufifacies,8
Myrmelastes saturatus,10
Myrmoborus leucophrys,10
Myrmoborus lophotes,10
Myrmoborus lugubris,10
Myrmoborus melanurus,9
Myrmoderus ferrugineus,6
Myrmoderus squamosus,7
Myrmorchilus strigilatus,6
Myrmotherula ambigua,9
Myrmotherula assimilis,7
Myrmotherula behni,9
Myrmotherula brachyura,9
Myrmotherula cherriei,8
Myrmotherula grisea,8
Myrmotherula ignota,8
Myrmotherula iheringi,6
Myrmotherula longicauda,8
Myrmotherula longipennis,9
Myrmotherula luctuosa,10
Myrmotherula menetriesii,6
Myrmotherula pacifica,10
Myrmotherula schisticolor,10
Myrmotherula sclateri,9
Myrmotherula snowi,9
Myrmotherula sunensis,7
Myrmotherula urosticta,6
Neoctantes niger,10
Oneillornis lunulatus,9
Oneillornis salvini,9
Percnostola arenarum,6
Phlegopsis borbae,8
Phlegopsis erythroptera,9
Pyriglena atra,9
Pyriglena leuconota,10
Pyriglena leucoptera,9
Rhegmatorhina berlepschi,8
Rhegmatorhina cristata,9
Rhegmatorhina gymnops,9
Rhegmatorhina hoffmannsi,8
Rhopornis ardesiacus,9
Sakesphorus luctuosus,7
Sipia berlepschi,9
Sipia nigricauda,10
Terenura maculata,6
Thamnomanes ardesiacus,10
Thamnomanes saturninus,6
Thamnomanes schistogynus,6
Thamnophilus ambiguus,7
Thamnophilus aroyae,6
Thamnophilus bridgesi,7
Thamnophilus divisorius,7
Thamnophilus insignis,6
Thamnophilus melanonotus,7
Thamnophilus melanothorax,8
Thamnophilus multistriatus,7
Thamnophilus nigriceps,8
Thamnophilus nigrocinereus,10
Thamnophilus palliatus,7
Thamnophilus pelzelni,6
Thamnophilus praecox,9
Thamnophilus schistaceus,9
Thamnophilus shumbae,7
Thamnophilus stictocephalus,7
Thamnophilus sticturus,8
Thamnophilus tenuepunctatus,8
Thamnophilus torquatus,8
Thamnophilus unicolor,9
Xenornis setifrons,7
Buthraupis montana,6
Calochaetes coccineus,6
Castanozoster thoracicus,6
Catamblyrhynchus diadema,7
Certhidea olivacea,8
Chlorornis riefferii,7
Chrysothlypis chrysomelas,6
Chrysothlypis salmoni,8
Cissopis leverianus,7
Cnemoscopus rubrirostris,6
Compsothraupis loricata,7
Conirostrum binghami,8
Conirostrum sitticolor,9
Coryphaspiza melanotis,7
Cyanerpes caeruleus,9
Cyanicterus cyanicterus,6
Cypsnagra hirundinacea,7
Dacnis cayana,10
Diglossa albilatera,6
Diglossa cyanea,7
Donacospiza albifrons,8
Dubusia taeniata,6
Eucometis penicillata,7
Euneornis campestris,8
Geospiza conirostris,8
Geospiza heliobates,7
Geospiza parvula,7
Geospiza septentrionalis,8
Hemithraupis guira,7
Iridophanes pulcherrimus,7
Lanio fulvus,8
Loxigilla barbadensis,7
Loxigilla noctis,8
Loxipasser anoxanthus,7
Melanospiza bicolor,9
Nemosia pileata,8
Neothraupis fasciata,7
Nephelornis oneilli,6
Orchesticus abeillei,7
Parkerthraustes humeralis,10
Paroaria coronata,8
Paroaria dominicana,6
Phonipara canora,9
Piezorina cinerea,7
Poospiza whitii,8
Pseudosaltator rufiventris,9
Pyrrhulagra nigra,8
Pyrrhulagra violacea,7
Ramphocelus carbo,6
Ramphocelus dimidiatus,7
Rhodospingus cruentus,6
Rhopospina fruticeti,7
Rowettia goughensis,9
Saltator coerulescens,9
Saltator grossus,7
Sericossypha albocristata,6
Sicalis flaveola,8
Sporathraupis cyanocephala,8
Sporophila angolensis,10
Sporophila bouvronides,7
Sporophila collaris,9
Sporophila lineola,6
Sporophila minuta,6
Stephanophorus diadematus,6
Tachyphonus rufus,10
Tangara brasiliensis,8
Tangara cayana,7
Tangara chrysotis,7
Tangara cyanomelas,7
Tangara florida,8
Tangara gyrola,7
Tangara icterocephala,10
Tangara labradorides,7
Tangara lavinia,6
Tangara mexicana,7
Tangara punctata,6
Tangara ruficervix,10
Tangara sayaca,8
Tangara vassorii,7
Tangara velia,7
Tangara xanthocephala,6
Tephrophilus wetmorei,6
Tersina viridis,8
Thlypopsis pyrrhocoma,7
Thlypopsis sordida,8
Trichothraupis melanops,8
Urothraupis stolzmanni,6
Xenodacnis parina,6
Xenospingus concolor,8
Cyanoderma erythropterum,6
Cyanoderma melanothorax,6
Cyanoderma rufifrons,6
Stachyris humei,7
Myiobius barbatus,10
Onychorhynchus swainsoni,7
Pachyramphus niger,6
Pachyramphus rufus,7
Tityra leucura,7
Campylorhynchus capistratus,9
Campylorhynchus humilis,6
Campylorhynchus rufinucha,6
Cantorchilus modestus,6
Cantorchilus nigricapillus,7
Cinnycerthia olivascens,6
Cinnycerthia peruana,6
Cyphorhinus arada,6
Cyphorhinus phaeocephalus,6
Cyphorhinus thoracicus,8
Henicorhina leucophrys,7
Microcerculus bambla,9
Pheugopedius coraya,7
Pheugopedius euophrys,6
Pheugopedius maculipectus,6
Pheugopedius rutilus,6
Pheugopedius sclateri,8
Troglodytes ochraceus,7
Cataponera turdoides,8
Catharus ustulatus,10
Cochoa viridis,7
Geokichla gurneyi,6
Geokichla oberlaenderi,6
Geokichla piaggiae,6
Myadestes genibarbis,7
Myadestes townsendi,6
Psophocichla litsitsirupa,6
Ridgwayia pinicola,8
Sialia mexicana,6
Stizorhina finschi,9
Turdus abyssinicus,9
Turdus albicollis,8
Turdus assimilis,6
Turdus dissimilis,7
Turdus flavipes,9
Turdus lherminieri,6
Turdus mandarinus,6
Turdus obscurus,9
Turdus olivaceus,6
Turdus pallidus,6
Turdus pelios,7
Turdus rufiventris,8
Turdus rufopalliatus,6
Turdus simillimus,6
Zoothera lunulata,6
Anairetes alpinus,8
Attila bolivianus,7
Attila cinnamomeus,6
Calyptura cristata,8
Contopus pallidus,6
Elaenia martinica,6
Empidonax difficilis,9
Empidonax hammondii,10
Empidonax occidentalis,9
Empidonax virescens,8
Fluvicola pica,7
Hirundinea bellicosa,9
Hirundinea ferruginea,9
Hymenops perspicillatus,9
Lessonia rufa,10
Lophotriccus galeatus,9
Mionectes macconnelli,8
Mionectes roraimae,6
Myiarchus apicalis,7
Myiarchus ferox,7
Myiodynastes maculatus,6
Myiodynastes solitarius,6
Myiophobus crypterythrus,6
Myiophobus cryptoxanthus,7
Myiozetetes cayanensis,6
Myiozetetes similis,6
Ochthornis littoralis,7
Philohydor lictor,8
Phylloscartes difficilis,9
Platyrinchus platyrhynchos,7
Poecilotriccus pulchellus,7
Polioxolmis rufipennis,8
Pyrocephalus rubinus,9
Serpophaga nigricans,9
Tachuris rubrigastra,9
Todirostrum cinereum,8
Tyrannus couchii,7
Tyrannus dominicensis,9
Tyrannus tyrannus,10
Tyrannus vociferans,8
Xolmis pyrope,6
Zimmerius parvus,7
Calicalicus madagascariensis,6
Cyanolanius madagascarinus,7
Hemipus hirundinaceus,8
Leptopterus chabert,6
Prionops alberti,10
Schetba rufa,7
Vanga curvirostris,8
Vidua macroura,7
Vidua obtusa,6
Vidua regia,6
Cyclarhis gujanensis,8
Pteruthius aeralatus,9
Vireo bellii,6
Vireo caribaeus,6
Vireo chivi,7
Vireo flavifrons,6
Vireo flavoviridis,8
Vireo masteri,8
Vireo pallens,6
Vireo philadelphicus,6
Zeledonia coronata,7
Dasycrotapha plateni,7
Dasycrotapha speciosa,6
Sterrhoptilus capitalis,6
Yuhina flavicollis,6
Zosterops albogularis,6
Zosterops chloronothos,7
Zosterops conspicillatus,6
Zosterops flavifrons,6
Zosterops flavilateralis,8
Zosterops lateralis,10
Zosterops maderaspatanus,9
Zosterops olivaceus,6
Zosterops saypani,6
Zosterops senegalensis,8
Cyphos macrodactylus,7
Hypnelus bicinctus,6
Hypnelus ruficollis,6
Malacoptila fusca,10
Malacoptila minor,8
Malacoptila striata,8
Monasa atra,9
Nonnula brunnea,6
Nonnula frontalis,7
Nonnula rubecula,8
Nonnula ruficapilla,6
Nonnula sclateri,8
Notharchus hyperrhynchus,6
Notharchus ordii,6
Nystactes noanamae,7
Nystalus chacuru,10
Nystalus radiatus,6
Nystalus striolatus,9
Capito fitzpatricki,7
Capito hypoleucus,9
Capito wallacei,6
Galbula albirostris,7
Galbula dea,9
Jacamaralcyon tridactyla,10
Indicator xanthonotus,10
Cryptolybia olivacea,8
Lybius guifsobalito,7
Lybius torquatus,8
Pogonornis dubius,9
Tricholaema hirsuta,8
Tricholaema leucomelas,10
Psilopogon chrysopogon,8
Psilopogon cyanotis,6
Psilopogon duvaucelii,7
Psilopogon franklinii,10
Psilopogon malabaricus,6
Psilopogon pyrolophus,6
Psilopogon rafflesii,10
Psilopogon rubricapillus,6
Campephilus haematogaster,7
Campephilus splendens,8
Campethera abingoni,9
Campethera maculosa,6
Campethera notata,8
Campethera nubica,8
Campethera scriptoricauda,8
Celeus flavescens,9
Celeus flavus,7
Celeus galeatus,9
Celeus lugubris,10
Celeus obrieni,7
Celeus ochraceus,7
Chrysocolaptes festivus,9
Chrysocolaptes guttacristatus,7
Colaptes aeruginosus,9
Colaptes atricollis,9
Colaptes chrysoides,7
Colaptes cinereicapillus,8
Colaptes fernandinae,7
Colaptes pitius,6
Colaptes punctigula,9
Colaptes rupicola,8
Dendrocopos hyperythrus,6
Dendrocopos noguchii,6
Dendropicos abyssinicus,6
Dendropicos fuscescens,9
Dendropicos goertae,10
Dendropicos griseocephalus,8
Dendropicos obsoletus,10
Dinopium javanense,10
Dinopium psarodes,8
Dryobates nuttallii,6
Hemicircus concretus,8
Hemicircus sordidus,8
Hylatomus schulzii,6
Leiopicus medius,9
Leuconotopicus fumigatus,10
Meiglyptes tristis,7
Melanerpes aurifrons,9
Melanerpes candidus,6
Melanerpes cruentatus,8
Melanerpes herminieri,8
Melanerpes lewis,9
Melanerpes pucherani,7
Melanerpes pygmaeus,7
Melanerpes rubricapillus,6
Melanerpes striatus,7
Melanerpes superciliaris,8
Melanerpes uropygialis,9
Mulleripicus fuliginosus,6
Mulleripicus pulverulentus,6
Picoides arcticus,10
Picoides kizuki,7
Picoides moluccensis,9
Piculus aurulentus,6
Piculus callopterus,6
Piculus chrysochloros,9
Piculus flavigula,10
Piculus leucolaemus,7
Picumnus albosquamatus,6
Picumnus aurifrons,8
Picumnus castelnau,6
Picumnus cirratus,10
Picumnus dorbignyanus,8
Picumnus exilis,7
Picumnus fulvescens,8
Picumnus innominatus,7
Picumnus limae,8
Picumnus minutissimus,6
Picumnus nigropunctatus,9
Picumnus olivaceus,6
Picumnus pumilus,7
Picumnus spilogaster,6
Picumnus squamulatus,7
Picumnus temminckii,7
Picumnus varzeae,8
Picus sharpei,6
Sasia abnormis,6
Sasia ochracea,6
Sphyrapicus ruber,9
Veniliornis affinis,8
Veniliornis callonotus,7
Veniliornis cassini,9
Veniliornis chocoensis,9
Veniliornis dignus,8
Veniliornis frontalis,8
Veniliornis kirkii,9
Veniliornis lignarius,9
Veniliornis maculifrons,8
Veniliornis nigriceps,7
Veniliornis sanguineus,8
Veniliornis spilogaster,7
Verreauxia africana,6
Aulacorhynchus albivitta,9
Aulacorhynchus atrogularis,9
Aulacorhynchus calorhynchus,8
Aulacorhynchus derbianus,8
Aulacorhynchus prasinus,10
Aulacorhynchus sulcatus,8
Aulacorhynchus wagleri,9
Aulacorhynchus whitelianus,8
Pteroglossus azara,6
Pteroglossus beauharnaisii,9
Pteroglossus bitorquatus,9
Pteroglossus erythropygius,7
Pteroglossus frantzii,7
Pteroglossus humboldti,8
Pteroglossus inscriptus,8
Pteroglossus pluricinctus,8
Pteroglossus sanguineus,7
Pteroglossus sturmii,9
Pteroglossus viridis,6
Ramphastos ariel,6
Ramphastos citreolaemus,6
Ramphastos culminatus,6
Ramphastos dicolorus,6
Ramphastos vitellinus,6
Selenidera gouldii,8
Selenidera langsdorffii,8
Selenidera maculirostris,7
Selenidera piperivora,10
Selenidera reinwardtii,8
Semnornis frantzii,7
Cacatua alba,6
Cacatua haematuropygia,9
Cacatua ophthalmica,9
Agapornis fischeri,9
Agapornis personatus,6
Agapornis pullarius,7
Agapornis roseicollis,9
Agapornis taranta,6
Alipiopsitta xanthops,9
Alisterus scapularis,7
Amazona agilis,10
Amazona albifrons,7
Amazona amazonica,10
Amazona arausiaca,10
Amazona dufresniana,6
Amazona festiva,6
Amazona guildingii,6
Amazona lilacina,10
Amazona pretrei,8
Amazona tucumana,8
Amazona versicolor,9
Amazona vinacea,7
Amazona xantholora,6
Anodorhynchus glaucus,7
Aprosmictus erythropterus,9
Ara chloropterus,10
Ara severus,6
Aratinga auricapillus,10
Aratinga nenday,6
Bolborhynchus lineola,6
Brotogeris chiriri,7
Brotogeris cyanoptera,10
Brotogeris jugularis,8
Brotogeris pyrrhoptera,7
Brotogeris sanctithomae,6
Brotogeris tirica,10
Chalcopsitta duivenbodei,6
Charmosyna margarethae,9
Charmosyna multistriata,6
Charmosyna palmarum,7
Charmosyna pulchella,7
Charmosyna rubrigularis,6
Charmosyna rubronotata,7
Charmosyna toxopei,8
Charmosyna wilhelminae,6
Coracopsis barklyi,8
Coracopsis vasa,7
Cyanoramphus auriceps,7
Cyanoramphus unicolor,10
Eclectus polychloros,8
Enicognathus ferrugineus,6
Eos histrio,10
Eos squamata,8
Eunymphicus uvaeensis,8
Forpus cyanopygius,8
Forpus modestus,7
Forpus spengeli,6
Geoffroyus geoffroyi,6
Glossopsitta porphyrocephala,9
Glossopsitta pusilla,10
Graydidascalus brachyurus,8
Hapalopsittaca amazonina,7
Hapalopsittaca fuertesi,7
Hapalopsittaca melanotis,7
Leptosittaca branickii,7
Loriculus philippensis,8
Lorius domicella,9
Lorius garrulus,10
Lorius lory,6
Micropsitta finschii,7
Micropsitta pusio,7
Myiopsitta luchsi,7
Northiella haematogaster,10
Ognorhynchus icterotis,8
Pionopsitta pileata,8
Pionus maximiliani,9
Pionus tumultuosus,9
Platycercus eximius,10
Poicephalus cryptoxanthus,8
Poicephalus flavifrons,8
Poicephalus fuscicollis,9
Primolius maracana,7
Prioniturus mindorensis,7
Prioniturus platenae,8
Prioniturus platurus,6
Psilopsiagon aurifrons,6
Psittacara acuticaudatus,6
Psittacara chloropterus,10
Psittacara erythrogenys,10
Psittacara euops,6
Psittacara finschi,9
Psittacara frontatus,9
Psittacula alexandri,6
Psittaculirostris edwardsii,6
Psitteuteles goldiei,9
Pyrilia aurantiocephala,6
Pyrilia caica,8
Pyrilia haematotis,8
Pyrilia pulchra,8
Pyrilia vulturina,10
Pyrrhura albipectus,9
Pyrrhura devillei,8
Pyrrhura emma,7
Pyrrhura griseipectus,9
Pyrrhura lepida,7
Pyrrhura leucotis,7
Pyrrhura orcesi,8
Pyrrhura parvifrons,8
Pyrrhura perlata,6
Pyrrhura rhodocephala,6
Pyrrhura subandina,7
Pyrrhura viridicata,6
Tanygnathus everetti,8
Tanygnathus lucionensis,9
Tanygnathus megalorynchos,7
Touit batavicus,10
Touit costaricensis,6
Touit dilectissimus,7
Touit huetii,6
Touit melanonotus,7
Trichoglossus capistratus,7
Trichoglossus chlorolepidotus,9
Trichoglossus forsteni,6
Trichoglossus ornatus,9
Trichoglossus weberi,8
Vini australis,7
Vini peruviana,9
Aegolius harrisii,8
Aegolius ridgwayi,6
Asio capensis,7
Asio madagascariensis,8
Athene superciliaris,6
Bubo capensis,7
Bubo cinerascens,6
Bubo leucostictus,10
Bubo sumatranus,8
Ciccaba albitarsis,7
Ciccaba huhula,10
Glaucidium albertinum,6
Glaucidium capense,6
Glaucidium cobanense,8
Glaucidium costaricanum,8
Glaucidium cuculoides,10
Glaucidium griseiceps,6
Glaucidium hoskinsii,8
Glaucidium minutissimum,8
Glaucidium mooreorum,9
Glaucidium nana,6
Glaucidium palmarum,6
Glaucidium parkeri,6
Glaucidium passerinum,10
Glaucidium peruanum,7
Glaucidium radiatum,7
Glaucidium tephronotum,6
Jubula lettii,6
Megascops barbarus,7
Megascops choliba,10
Megascops clarkii,6
Megascops guatemalae,8
Megascops hoyi,8
Megascops marshalli,6
Megascops petersoni,7
Megascops sanctaecatarinae,8
Megascops vermiculatus,7
Megascops watsonii,6
Ninox jacquinoti,8
Ninox japonica,9
Ninox leucopsis,9
Ninox reyi,6
Ninox rufa,10
Ninox scutulata,8
Ninox spilocephala,6
Ninox variegata,8
Otus alfredi,8
Otus angelinae,10
Otus brookii,7
Otus capnodes,7
Otus collari,6
Otus cyprius,7
Otus icterorhynchus,7
Otus ireneae,9
Otus jolandae,7
Otus lempiji,8
Otus mantananensis,6
Otus mayottensis,6
Otus mindorensis,6
Otus pauliani,6
Otus pembaensis,6
Otus rutilus,8
Otus senegalensis,9
Otus thilohoffmanni,8
Ptilopsis leucotis,10
Pulsatrix melanota,6
Scotopelia bouvieri,6
Scotopelia ussheri,9
Strix butleri,6
Strix chacoensis,6
Strix leptogrammica,6
Strix woodfordii,6
Tyto aurantia,9
Tyto longimembris,7
Tyto novaehollandiae,10
Tyto rosenbergii,6
Tyto tenebricosa,10
Apaloderma vittatum,6
Harpactes ardens,8
Harpactes oreskios,9
Harpactes orrhophaeus,9
Pharomachrus fulgidus,8
Pharomachrus pavoninus,10
Trogon aurantius,6
Trogon citreolus,8
Trogon collaris,6
Trogon comptus,6
Trogon curucui,10
Trogon melanocephalus,7
Trogon melanurus,6
Trogon rufus,7
Trogon surrucura,6
